epoch,step,train_loss,val_loss
0,49,0.5636603832244873,
0,99,0.5182570815086365,
0,145,,0.4164585471153259
1,149,0.34495556354522705,
1,199,0.33697429299354553,
1,249,0.3123588263988495,
1,291,,0.36589330434799194
2,299,0.270479291677475,
2,349,0.2539781332015991,
2,399,0.2726749777793884,
2,437,,0.34342119097709656
3,449,0.24239325523376465,
3,499,0.2511710822582245,
3,549,0.26301518082618713,
